sample_id,filename,width_px,height_px,bbox_xmin,bbox_ymin,bbox_xmax,bbox_ymax,ground_truth_yaw,ground_truth_pitch,ground_truth_roll,ground_truth_emotion,source_benchmark
IVP_REV1_001,sample_001.jpg,55,72,392,84,435,140,34.84,-11.38,175.88,Neutral,Dlib_IBUG_300W
IVP_REV1_002,sample_002.jpg,38,52,201,89,231,129,32.6,-11.71,172.63,Neutral,Dlib_IBUG_300W
IVP_REV1_003,sample_003.jpg,44,58,300,79,334,125,29.55,-8.58,176.78,Neutral,Dlib_IBUG_300W
IVP_REV1_004,sample_004.jpg,46,58,322,231,358,277,41.31,3.28,-171.28,Neutral,Dlib_IBUG_300W
IVP_REV1_005,sample_005.jpg,38,52,184,209,214,249,51.75,4.79,-174.47,Neutral,Dlib_IBUG_300W
IVP_REV1_006,sample_006.jpg,81,105,149,77,212,158,-1.35,-22.55,-179.87,Neutral,Dlib_IBUG_300W
IVP_REV1_007,sample_007.jpg,101,135,133,198,212,303,30.0,1.32,177.78,Neutral,Dlib_IBUG_300W
IVP_REV1_008,sample_008.jpg,88,124,105,145,173,241,-5.99,0.99,-177.38,Neutral,Dlib_IBUG_300W
IVP_REV1_009,sample_009.jpg,80,104,234,202,296,282,27.85,4.88,-177.58,Neutral,Dlib_IBUG_300W
IVP_REV1_010,sample_010.jpg,104,131,358,148,438,249,9.94,1.81,178.96,Neutral,Dlib_IBUG_300W
IVP_REV1_011,sample_011.jpg,61,75,31,183,78,242,-34.82,-2.75,176.33,Happy,Dlib_IBUG_300W
IVP_REV1_012,sample_012.jpg,62,79,442,162,490,223,20.37,-4.86,-177.4,Happy,Dlib_IBUG_300W
IVP_REV1_013,sample_013.jpg,46,61,60,124,96,171,-32.33,-7.75,-177.15,Happy,Dlib_IBUG_300W
IVP_REV1_014,sample_014.jpg,46,61,410,159,446,206,-85.06,-3.19,-179.39,Happy,Dlib_IBUG_300W
IVP_REV1_015,sample_015.jpg,40,49,349,133,381,172,29.23,-5.07,175.69,Happy,Dlib_IBUG_300W
IVP_REV1_016,sample_016.jpg,56,80,279,171,323,233,14.09,8.9,-177.65,Happy,Dlib_IBUG_300W
IVP_REV1_017,sample_017.jpg,54,65,54,149,96,200,-9.21,0.54,178.75,Happy,Dlib_IBUG_300W
IVP_REV1_018,sample_018.jpg,38,52,184,80,214,120,40.12,-11.88,178.1,Happy,Dlib_IBUG_300W
IVP_REV1_019,sample_019.jpg,54,73,328,44,370,101,16.73,-2.04,174.66,Happy,Dlib_IBUG_300W
IVP_REV1_020,sample_020.jpg,47,62,237,66,274,114,25.24,-3.31,176.51,Happy,Dlib_IBUG_300W
IVP_REV1_021,sample_021.jpg,101,141,227,85,306,194,11.32,-2.76,178.03,Anger,Dlib_IBUG_300W
IVP_REV1_022,sample_022.jpg,115,150,116,45,205,161,-13.41,-13.12,-175.02,Disgust,Dlib_IBUG_300W
IVP_REV1_023,sample_023.jpg,126,159,339,73,437,196,14.53,-1.29,170.72,Fear,Dlib_IBUG_300W
IVP_REV1_024,sample_024.jpg,44,55,205,225,239,268,7.22,7.9,178.85,Contempt,Dlib_IBUG_300W
IVP_REV1_025,sample_025.jpg,38,48,286,96,316,134,32.8,-16.05,170.93,Neutral,Dlib_IBUG_300W
IVP_REV1_026,sample_026.jpg,40,52,163,113,195,153,6.73,-10.4,176.98,Happy,Dlib_IBUG_300W
IVP_REV1_027,sample_027.jpg,38,49,225,92,255,131,29.48,-16.17,173.58,Surprise,Dlib_IBUG_300W
IVP_REV1_028,sample_028.jpg,45,58,107,75,142,121,-22.09,-15.58,-170.0,Sad,Dlib_IBUG_300W
IVP_REV1_029,sample_029.jpg,40,55,196,75,228,118,-36.63,-24.18,-164.42,Anger,Dlib_IBUG_300W
IVP_REV1_030,sample_030.jpg,44,57,327,72,361,117,39.35,-18.35,167.34,Disgust,Dlib_IBUG_300W
IVP_REV1_031,sample_031.jpg,45,54,367,127,402,169,-13.49,-0.39,-176.72,Fear,Dlib_IBUG_300W
IVP_REV1_032,sample_032.jpg,46,57,265,123,301,168,13.13,3.37,178.14,Contempt,Dlib_IBUG_300W
IVP_REV1_033,sample_033.jpg,44,58,225,54,259,100,-14.25,-11.24,-176.84,Neutral,Dlib_IBUG_300W
IVP_REV1_034,sample_034.jpg,63,82,105,130,154,194,-11.19,1.48,179.83,Happy,Dlib_IBUG_300W
IVP_REV1_035,sample_035.jpg,44,56,317,113,351,157,19.73,-5.09,178.35,Surprise,Dlib_IBUG_300W
IVP_REV1_036,sample_036.jpg,55,65,134,75,177,126,-25.23,-10.86,-177.57,Sad,Dlib_IBUG_300W
IVP_REV1_037,sample_037.jpg,54,70,193,105,235,159,-20.76,-2.89,-178.62,Anger,Dlib_IBUG_300W
IVP_REV1_038,sample_038.jpg,96,125,148,33,222,130,-17.26,-29.63,-169.36,Disgust,Dlib_IBUG_300W
IVP_REV1_039,sample_039.jpg,71,90,270,274,325,344,-24.02,11.0,174.83,Fear,Dlib_IBUG_300W
IVP_REV1_040,sample_040.jpg,534,661,69,203,481,712,-6.71,6.08,-177.37,Contempt,Dlib_IBUG_300W
IVP_REV1_041,sample_041.jpg,214,300,1081,1268,1247,1500,2.45,25.59,-178.77,Neutral,Dlib_IBUG_300W
IVP_REV1_042,sample_042.jpg,150,210,1455,1314,1571,1476,-32.79,30.15,167.12,Happy,Dlib_IBUG_300W
IVP_REV1_043,sample_043.jpg,221,325,1063,712,1234,963,14.64,4.07,-177.79,Surprise,Dlib_IBUG_300W
IVP_REV1_044,sample_044.jpg,205,297,66,34,225,263,46.91,-24.95,165.22,Sad,Dlib_IBUG_300W
IVP_REV1_045,sample_045.jpg,214,307,565,390,731,627,32.64,-9.23,169.69,Anger,Dlib_IBUG_300W
IVP_REV1_046,sample_046.jpg,196,281,70,660,222,877,59.33,1.92,179.08,Disgust,Dlib_IBUG_300W
IVP_REV1_047,sample_047.jpg,213,291,59,338,224,563,-1.33,0.17,-175.85,Fear,Dlib_IBUG_300W
IVP_REV1_048,sample_048.jpg,213,318,774,771,939,1017,25.61,7.37,177.76,Contempt,Dlib_IBUG_300W
IVP_REV1_049,sample_049.jpg,221,313,762,1196,933,1437,-18.85,9.74,-175.71,Neutral,Dlib_IBUG_300W
IVP_REV1_050,sample_050.jpg,175,240,321,423,456,609,-15.14,-6.72,-173.16,Happy,Dlib_IBUG_300W
